市值排名,代號,名稱,投信,市場
1,0050,元大台灣卓越50證券投資信託基金,元大,國內
2,0056,元大台灣高股息證券投資信託基金,元大,國內
3,00878,國泰台灣ESG永續高股息ETF基金,國泰,國內
4,00919,群益台灣精選高息,群益,國內
5,006208,台灣釆吉50基金 (本基金之配息來源可能為收益平準金),富邦,國內
6,00981A,統一台股增長主動式ETF基金,統一,國內
7,00631L,元大ETF傘型證券投資信託基金之台灣50單日正向2倍證券投資信託基金,元大,國內
8,00937B,群益ESG投等債20+,群益,債券
9,0052,台灣科技指數基金 (本基金之配息來源可能為收益平準金),富邦,國內
10,00679B,元大美國政府20年期(以上)債券ETF傘型證券投資信託基金之元大美國政府20年期(以上)債券證券投資信託基金,元大,債券
11,00929,復華台灣科技優息ETF基金,復華,國內
12,00881,國泰台灣科技龍頭ETF基金,國泰,國內
13,00751B,元大20年期以上AAA至A級美元公司債券ETF證券投資信託基金,元大,債券
14,00403A,統一台股升級50主動式ETF基金,統一,國內
15,00720B,元大多元債券ETF傘型證券投資信託基金之元大20年期以上BBB級美元公司債券ETF證券投資信託基金,元大,債券
16,00725B,國泰10年期(以上)BBB美元息收公司債券基金,國泰,債券
17,00662,NASDAQ-100基金,富邦,海外
18,00687B,國泰20年期(以上)美國公債指數基金,國泰,債券
19,00713,元大台灣高股息低波動ETF證券投資信託基金,元大,國內
20,00772B,中信高評級公司債,中信,債券
21,00933B,國泰10年以上投資級金融債券ETF基金,國泰,債券
22,00724B,群益投資級金融債,群益,債券
23,00922,國泰台灣領袖50 ETF基金,國泰,國內
24,00761B,國泰10年期以上A等級美元公司債券ETF基金,國泰,債券
25,00773B,中信優先金融債,中信,債券
26,00746B,彭博9-35年A級美元息收公司債券ETF基金 (本基金並無保證收益及配息),富邦,債券
27,00740B,彭博10年期(以上)BBB美元息收公司債券ETF基金 (本基金之配息來源可能為收益平準金且基金並無保證收益及配息),富邦,債券
28,00991A,復華台灣未來50主動式ETF基金,復華,國內
29,00830,國泰美國費城半導體基金,國泰,海外
30,00685L,群益臺灣加權正2,群益,國內
31,00891,中信關鍵半導體,中信,國內
32,00792B,群益A級公司債,群益,債券
33,00940,元大臺灣價值高息ETF證券投資信託基金,元大,國內
34,00692,臺灣公司治理100基金,富邦,國內
35,00406A,主動中信台灣收益,中信,國內
36,00988A,統一全球創新主動式ETF基金,統一,海外
37,00927,群益半導體收益,群益,國內
38,00982A,主動群益台灣強棒,群益,國內
39,00646,元大標普500傘型證券投資信託基金之標普500證券投資信託基金,元大,海外
40,00722B,群益投資級電信債,群益,債券
41,00712,復華富時不動產證券化基金,復華,海外
42,00953B,群益優選非投等債,群益,債券
43,00723B,群益投資級科技債,群益,債券
44,00992A,主動群益科技創新,群益,國內
45,00764B,群益25年美債,群益,債券
46,00754B,群益AAA-AA公司債,群益,債券
47,00850,元大臺灣ESG永續ETF證券投資信託基金,元大,國內
48,00756B,群益投等新興公債,群益,債券
49,00923,群益台ESG低碳50,群益,國內
50,00757,統一NYSE FANG+ETF基金,統一,海外
