index_name,etf,etf_name
臺灣指數公司特選臺灣上市上櫃科技優息指數,00929,復華台灣科技優息
臺灣指數公司特選臺灣上市上櫃精選高息指數,00919,群益台灣精選高息
臺灣指數公司特選臺灣上市上櫃優選股利高填息30指數,00918,大華優利高填息30
臺灣指數公司特選高股息低波動股價指數,00713,元大台灣高息低波
臺灣指數公司特選臺灣價值高息指數,00940,元大台灣價值高息
臺灣指數公司特選臺灣上市上櫃高息動能指數,00939,統一台灣高息動能
臺灣指數公司特選臺灣上市上櫃高股息30指數,00900,富邦特選高股息30
臺灣指數公司特選臺灣上市上櫃ESG永續高股息等權重指數,00932,兆豐永續高息等權
臺灣指數公司特選臺灣ESG低碳50指數,00923,群益台灣ESG低碳50
臺灣指數公司特選臺灣上市上櫃多因子優選高股息30指數,00915,凱基優選高股息30
臺灣指數公司特選臺灣上市上櫃永續高息中小型股指數,00936,台新永續高息中小
臺灣指數公司特選臺灣上市上櫃優選成長高股息指數,00934,中信成長高股息
臺灣指數公司中小型A級動能50指數,00733,富邦臺灣中小
臺灣指數公司特選臺灣晶圓製造指數,00913,兆豐台灣晶圓製造
臺灣指數公司特選臺灣上市上櫃FactSet科技龍頭通訊指數,00881,國泰台灣科技龍頭
